"Year","std_Weight","ARS","rel_ARS","Age","Centered_Age","Year2","animal","StagCode"
"1974",1.16092095995043,5,3.70304114490161,10,1.08574879227053,1974,21,21
"1974",0.780391255970494,2,1.48121645796064,7,-1.91425120772947,1974,37,37
"1974",0.357580473770569,2,1.48121645796064,6,-2.91425120772947,1974,3,3
"1974",2.17566683723024,0,0,9,0.0857487922705307,1974,75,75
"1975",0.568985864870531,0,0,9,0.0857487922705307,1975,152,152
"1975",1.11863988173043,0,0,11,2.08574879227053,1975,5,5
"1975",1.05521826440044,0,0,11,2.08574879227053,1975,5,5
"1975",-0.784008638169226,7,5.18425760286225,5,-3.91425120772947,1975,14,14
"1975",0.674688560420513,1,0.740608228980322,7,-1.91425120772947,1975,91,91
"1975",-0.445760012409287,1,0.740608228980322,5,-3.91425120772947,1975,148,148
"1975",-0.31891677774931,1,0.740608228980322,5,-3.91425120772947,1975,148,148
"1975",0.273018317330584,1,0.740608228980322,5,-3.91425120772947,1975,76,76
"1975",-0.445760012409287,0,0,5,-3.91425120772947,1975,130,130
"1976",0.315299395550577,0,0,12,3.08574879227053,1976,7,7
"1976",0.80153179508049,1,0.740608228980322,9,0.0857487922705307,1976,37,37
"1976",1.07635880351044,3,2.22182468694097,8,-0.914251207729469,1976,91,91
"1976",1.05521826440044,3,2.22182468694097,8,-0.914251207729469,1976,91,91
"1976",1.09749934262044,0,0,6,-2.91425120772947,1976,76,76
"1976",0.674688560420513,0,0,6,-2.91425120772947,1976,76,76
"1976",-1.07997618570917,0,0,5,-3.91425120772947,1976,118,118
"1976",-0.213214082199328,0,0,7,-1.91425120772947,1976,138,138
"1976",-1.37594373324912,0,0,5,-3.91425120772947,1976,141,141
"1976",0.1884561608906,0,0,8,-0.914251207729469,1976,30,30
"1977",0.146175082670607,0,0,7,-1.91425120772947,1977,130,130
"1977",-0.382338395079298,5,3.70304114490161,7,-1.91425120772947,1977,14,14
"1977",0.315299395550577,0,0,11,2.08574879227053,1977,152,152
"1977",0.273018317330584,0,0,11,2.08574879227053,1977,152,152
"1977",0.716969638640505,1,0.740608228980322,9,0.0857487922705307,1977,91,91
"1977",0.590126403980528,1,0.740608228980322,9,0.0857487922705307,1977,91,91
"1977",-0.910851872829204,0,0,6,-2.91425120772947,1977,118,118
"1977",-0.974273490159192,0,0,6,-2.91425120772947,1977,118,118
"1977",0.738110177750501,0,0,7,-1.91425120772947,1977,76,76
"1977",0.590126403980528,0,0,7,-1.91425120772947,1977,76,76
"1977",-0.0863708475393512,0,0,7,-1.91425120772947,1977,148,148
"1977",-0.0229492302093626,0,0,7,-1.91425120772947,1977,148,148
"1977",-0.488041090629279,0,0,5,-3.91425120772947,1977,101,101
"1977",-0.0229492302093626,0,0,13,4.08574879227053,1977,7,7
"1979",0.590126403980528,0,0,7,-1.91425120772947,1979,273,273
"1979",0.653548021310516,0,0,8,-0.914251207729469,1979,89,89
"1979",-0.678305942619245,0,0,5,-3.91425120772947,1979,263,263
"1979",0.611266943090524,1,0.740608228980322,7,-1.91425120772947,1979,128,128
"1979",1.22434257728041,2,1.48121645796064,7,-1.91425120772947,1979,109,109
"1979",0.273018317330584,3,2.22182468694097,7,-1.91425120772947,1979,101,101
"1979",-0.382338395079298,0,0,6,-2.91425120772947,1979,156,156
"1979",-1.18567888125915,1,0.740608228980322,7,-1.91425120772947,1979,93,93
"1979",-1.14339780303916,0,0,5,-3.91425120772947,1979,220,220
"1981",-1.28842184975082,0,0,6,-2.91425120772947,1981,253,253
"1981",-0.409398388305924,1,0.740608228980322,9,0.0857487922705307,1981,98,98
"1981",-0.252112725744637,1,0.740608228980322,9,0.0857487922705307,1981,98,98
"1981",-0.14979246486934,0,0,9,0.0857487922705307,1981,140,140
"1981",-0.318071104601995,0,0,9,0.0857487922705307,1981,140,140
"1981",-0.137108141403342,2,1.48121645796064,8,-0.914251207729469,1981,156,156
"1981",-0.175161111801335,2,1.48121645796064,8,-0.914251207729469,1981,156,156
"1981",0.420579383484189,1,0.740608228980322,9,0.0857487922705307,1981,161,161
"1981",1.42433228443826,5,3.70304114490161,9,0.0857487922705307,1981,109,109
"1981",1.00828637074208,0,0,9,0.0857487922705307,1981,128,128
"1981",0.809988010724488,0,0,9,0.0857487922705307,1981,128,128
"1981",-1.21189320133847,0,0,7,-1.91425120772947,1981,220,220
"1981",0.0996658966286155,2,1.48121645796064,9,0.0857487922705307,1981,27,27
"1981",-0.0432440961720437,2,1.48121645796064,9,0.0857487922705307,1981,27,27
"1981",0.056539145261308,0,0,8,-0.914251207729469,1981,119,119
"1981",-0.15359786507497,0,0,10,1.08574879227053,1981,43,43
"1981",0.285702640796582,0,0,9,0.0857487922705307,1981,250,250
"1981",-1.09857983433451,2,1.48121645796064,6,-2.91425120772947,1981,251,251
"1981",-1.08251307619383,2,1.48121645796064,6,-2.91425120772947,1981,251,251
"1981",-1.45670061844076,0,0,6,-2.91425120772947,1981,307,307
"1981",-0.337097589800991,1,0.740608228980322,7,-1.91425120772947,1981,259,259
"1981",-0.994991192695531,0,0,9,0.0857487922705307,1981,93,93
"1981",-1.88416228034629,0,0,6,-2.91425120772947,1981,205,205
"1981",-1.93701362812129,0,0,6,-2.91425120772947,1981,205,205
"1982",-0.627568648755254,5,3.70304114490161,7,-1.91425120772947,1982,253,253
"1982",-0.335829209037307,0,0,10,1.08574879227053,1982,98,98
"1982",-0.344285424681305,0,0,10,1.08574879227053,1982,98,98
"1982",-0.940448627583198,6,4.44364937388193,8,-0.914251207729469,1982,134,134
"1982",0.0447004949426253,5,3.70304114490161,10,1.08574879227053,1982,17,17
"1982",-0.784008638169226,0,0,7,-1.91425120772947,1982,251,251
"1982",-0.619112433111256,0,0,7,-1.91425120772947,1982,251,251
"1982",-1.63808641821307,0,0,6,-2.91425120772947,1982,182,182
"1982",0.302615072084579,2,1.48121645796064,10,1.08574879227053,1982,27,27
"1982",0.514020463184541,2,1.48121645796064,10,1.08574879227053,1982,27,27
"1982",-1.63385831039107,0,0,6,-2.91425120772947,1982,261,261
"1982",-0.170933003979336,5,3.70304114490161,8,-0.914251207729469,1982,220,220
"1982",0.158859406136605,2,1.48121645796064,8,-0.914251207729469,1982,185,185
"1982",0.953743676672463,1,0.740608228980322,10,1.08574879227053,1982,128,128
"1982",-1.52392750701909,1,0.740608228980322,7,-1.91425120772947,1982,270,270
"1982",-1.73533289811906,0,0,6,-2.91425120772947,1982,188,188
"1982",-0.729043236483236,0,0,7,-1.91425120772947,1982,307,307
"1982",-1.25332860641114,0,0,7,-1.91425120772947,1982,142,142
"1982",-1.64654263385707,0,0,7,-1.91425120772947,1982,126,126
"1983",-0.249152998686322,6,4.44364937388193,8,-0.914251207729469,1983,253,253
"1983",-0.161208407571653,6,4.44364937388193,8,-0.914251207729469,1983,253,253
"1983",-0.478739201837966,3,2.22182468694097,8,-0.914251207729469,1983,251,251
"1983",-1.93828207357502,1,0.740608228980322,7,-1.91425120772947,1983,275,275
"1983",-2.01227396046001,1,0.740608228980322,7,-1.91425120772947,1983,275,275
"1983",-1.12225726392917,1,0.740608228980322,6,-2.91425120772947,1983,158,158
"1983",-1.5112431835531,1,0.740608228980322,6,-2.91425120772947,1983,158,158
"1983",-1.42118453852743,0,0,8,-0.914251207729469,1983,163,163
"1983",-0.576831354891263,0,0,8,-0.914251207729469,1983,163,163
"1983",0.0616129262306223,1,0.740608228980322,11,2.08574879227053,1983,17,17
"1983",-0.889711333719207,0,0,8,-0.914251207729469,1983,175,175
"1983",-0.657165403509249,1,0.740608228980322,7,-1.91425120772947,1983,261,261
"1983",-1.65077074167907,0,0,6,-2.91425120772947,1983,252,252
"1983",-1.68882371207706,0,0,6,-2.91425120772947,1983,252,252
"1983",-0.849544309410215,0,0,9,0.0857487922705307,1983,185,185
"1983",-1.30829400809713,0,0,8,-0.914251207729469,1983,205,205
"1983",-1.09477456308617,2,1.48121645796064,7,-1.91425120772947,1983,182,182
"1983",-1.38862805671512,0,0,7,-1.91425120772947,1983,188,188
"1983",-1.53449777657409,0,0,7,-1.91425120772947,1983,188,188
"1983",0.0328618446239426,0,0,7,-1.91425120772947,1983,214,214
"1983",-0.800921069457223,1,0.740608228980322,8,-0.914251207729469,1983,142,142
"1983",-0.280863807351316,0,0,9,0.0857487922705307,1983,100,100
"1984",-0.162476788335338,1,0.740608228980322,8,-0.914251207729469,1984,214,214
"1984",0.372378851147567,0,0,9,0.0857487922705307,1984,251,251
"1984",-0.365425963791301,0,0,9,0.0857487922705307,1984,142,142
"1984",0.695829099530509,3,2.22182468694097,8,-0.914251207729469,1984,85,85
"1984",-0.340057316859306,0,0,9,0.0857487922705307,1984,163,163
"1984",-1.22584590556815,0,0,8,-0.914251207729469,1984,188,188
"1984",-0.564147031425266,0,0,10,1.08574879227053,1984,357,357
"1984",-0.919308088473202,0,0,10,1.08574879227053,1984,357,357
"1984",-1.42033886538011,0,0,8,-0.914251207729469,1984,275,275
"1984",-1.00809835273519,6,4.44364937388193,7,-1.91425120772947,1984,158,158
"1984",-1.65922695732307,1,0.740608228980322,6,-2.91425120772947,1984,229,229
"1984",-1.24910049858914,0,0,6,-2.91425120772947,1984,164,164
"1984",-1.5027869679091,0,0,5,-3.91425120772947,1984,210,210
"1984",-1.55986642350609,0,0,5,-3.91425120772947,1984,210,210
"1984",-1.35480319413912,0,0,9,0.0857487922705307,1984,175,175
"1984",-1.24275833685614,0,0,9,0.0857487922705307,1984,175,175
"1984",-0.970045382337193,0,0,8,-0.914251207729469,1984,124,124
"1984",-1.16031023432716,0,0,7,-1.91425120772947,1984,252,252
"1984",-1.05883564659918,0,0,7,-1.91425120772947,1984,176,176
"1985",0.257374266806272,3,2.22182468694097,9,0.0857487922705307,1985,40,40
"1985",0.245535616487589,3,2.22182468694097,9,0.0857487922705307,1985,40,40
"1985",0.334325880749573,0,0,10,1.08574879227053,1985,251,251
"1985",0.175771837424602,0,0,10,1.08574879227053,1985,251,251
"1985",-0.420391365477291,4,2.96243291592129,9,0.0857487922705307,1985,241,241
"1985",-0.403478934189294,4,2.96243291592129,9,0.0857487922705307,1985,241,241
"1985",-0.610656217467257,0,0,8,-0.914251207729469,1985,158,158
"1985",-0.638138918310252,0,0,8,-0.914251207729469,1985,158,158
"1985",-0.537932711345955,4,2.96243291592129,9,0.0857487922705307,1985,182,182
"1985",-0.530322168849272,1,0.740608228980322,8,-0.914251207729469,1985,308,308
"1985",0.848040981122481,1,0.740608228980322,9,0.0857487922705307,1985,85,85
"1985",0.807873956813489,1,0.740608228980322,9,0.0857487922705307,1985,85,85
"1985",-0.139222195314342,0,0,11,2.08574879227053,1985,134,134
"1985",0.277246425152584,0,0,9,0.0857487922705307,1985,77,77
"1985",0.733882069928502,3,2.22182468694097,9,0.0857487922705307,1985,214,214
"1985",-0.502839468006277,1,0.740608228980322,8,-0.914251207729469,1985,173,173
"1985",-0.521865953205273,1,0.740608228980322,8,-0.914251207729469,1985,173,173
"1985",-0.31468866992731,1,0.740608228980322,9,0.0857487922705307,1985,261,261
"1985",-0.974273490159192,0,0,9,0.0857487922705307,1985,188,188
"1985",-1.02078267620118,0,0,9,0.0857487922705307,1985,188,188
"1985",0.179999945246601,0,0,11,2.08574879227053,1985,185,185
"1985",0.0616129262306223,0,0,11,2.08574879227053,1985,185,185
"1985",-0.602200001823259,0,0,6,-2.91425120772947,1985,334,334
"1985",-0.589515678357261,0,0,6,-2.91425120772947,1985,334,334
"1985",-0.978501597981191,2,1.48121645796064,6,-2.91425120772947,1985,239,239
"1985",-0.997528083180188,2,1.48121645796064,6,-2.91425120772947,1985,239,239
"1985",-1.40342643409212,0,0,6,-2.91425120772947,1985,256,256
"1985",-0.699446481729241,0,0,8,-0.914251207729469,1985,279,279
"1985",-0.614884325289257,0,0,8,-0.914251207729469,1985,279,279
"1985",-1.40976859582511,0,0,5,-3.91425120772947,1985,198,198
"1985",-0.813605392923221,0,0,6,-2.91425120772947,1985,210,210
"1985",-1.49306237150141,0,0,6,-2.91425120772947,1985,339,339
"1985",-0.361197855969302,0,0,8,-0.914251207729469,1985,144,144
"1985",-0.623340540933255,0,0,8,-0.914251207729469,1985,252,252
"1985",-0.87279890243121,0,0,8,-0.914251207729469,1985,252,252
"1986",0.251877778220588,0,0,10,1.08574879227053,1986,40,40
"1986",-0.902395657185205,2,1.48121645796064,6,-2.91425120772947,1986,198,198
"1986",-1.01866862229018,2,1.48121645796064,6,-2.91425120772947,1986,198,198
"1986",-2.38646150270694,1,0.740608228980322,5,-3.91425120772947,1986,146,146
"1986",0.0658410340526215,0,0,9,0.0857487922705307,1986,308,308
"1986",-1.43513724275711,2,1.48121645796064,7,-1.91425120772947,1986,217,217
"1986",-0.0525459849633573,5,3.70304114490161,9,0.0857487922705307,1986,173,173
"1986",-2.41183014963893,0,0,5,-3.91425120772947,1986,329,329
"1986",-2.28921502280096,0,0,5,-3.91425120772947,1986,329,329
"1986",-0.982729705803191,1,0.740608228980322,7,-1.91425120772947,1986,339,339
"1986",-0.208985974377329,2,1.48121645796064,11,2.08574879227053,1986,253,253
"1986",-1.28715346898714,0,0,5,-3.91425120772947,1986,309,309
"1986",-1.67191128078907,0,0,5,-3.91425120772947,1986,309,309
"1986",-0.564147031425266,5,3.70304114490161,7,-1.91425120772947,1986,239,239
"1986",-0.513409737561275,0,0,9,0.0857487922705307,1986,279,279
"1986",0.446370738032553,1,0.740608228980322,7,-1.91425120772947,1986,334,334
"1986",-1.62117398692508,0,0,7,-1.91425120772947,1986,222,222
"1986",-0.458444335875285,1,0.740608228980322,7,-1.91425120772947,1986,215,215
"1986",-0.536664330582271,1,0.740608228980322,7,-1.91425120772947,1986,215,215
"1986",-2.069353416057,1,0.740608228980322,6,-2.91425120772947,1986,373,373
"1986",-1.75647343722905,0,0,5,-3.91425120772947,1986,359,359
"1986",-1.62540209474708,0,0,7,-1.91425120772947,1986,232,232
"1986",-1.72687668247506,0,0,7,-1.91425120772947,1986,232,232
"1987",-0.399250826367295,2,1.48121645796064,11,2.08574879227053,1987,40,40
"1987",-0.521865953205273,0,0,12,3.08574879227053,1987,253,253
"1987",-0.521865953205273,0,0,10,1.08574879227053,1987,279,279
"1987",0.234965346932591,2,1.48121645796064,11,2.08574879227053,1987,135,135
"1987",-0.0610022006073557,0,0,8,-0.914251207729469,1987,339,339
"1987",-0.59797189400126,0,0,8,-0.914251207729469,1987,339,339
"1987",0.0320161714766276,0,0,8,-0.914251207729469,1987,239,239
"1987",-1.27024103769914,1,0.740608228980322,6,-2.91425120772947,1987,265,265
"1987",-1.5154712913751,1,0.740608228980322,6,-2.91425120772947,1987,265,265
"1987",0.340668042482572,0,0,10,1.08574879227053,1987,245,245
"1987",-0.0863708475393512,0,0,10,1.08574879227053,1987,245,245
"1987",-0.255495160419321,6,4.44364937388193,7,-1.91425120772947,1987,198,198
"1987",-1.55352426177309,0,0,8,-0.914251207729469,1987,232,232
"1987",-0.137108141403342,0,0,8,-0.914251207729469,1987,210,210
"1987",-0.792464853813225,0,0,6,-2.91425120772947,1987,309,309
"1987",-0.602200001823259,0,0,6,-2.91425120772947,1987,309,309
"1987",-1.89177288753303,3,2.22182468694097,5,-3.91425120772947,1987,360,360
"1987",-1.91714153446502,3,2.22182468694097,5,-3.91425120772947,1987,360,360
"1987",0.729653962106503,0,0,13,4.08574879227053,1987,149,149
"1987",0.0108756323666314,0,0,9,0.0857487922705307,1987,164,164
"1987",-1.68882371207706,0,0,5,-3.91425120772947,1987,178,178
"1988",-2.08626584734499,0,0,5,-3.91425120772947,1988,374,374
"1988",-0.98695781362519,0,0,7,-1.91425120772947,1988,146,146
"1988",0.514020463184541,1,0.740608228980322,11,2.08574879227053,1988,308,308
"1988",0.175771837424602,4,2.96243291592129,8,-0.914251207729469,1988,198,198
"1988",0.666232344776514,4,2.96243291592129,12,3.08574879227053,1988,182,182
"1988",0.205368592178597,4,2.96243291592129,12,3.08574879227053,1988,182,182
"1988",0.230737239110592,1,0.740608228980322,9,0.0857487922705307,1988,193,193
"1988",0.141946974848608,1,0.740608228980322,7,-1.91425120772947,1988,309,309
"1988",-0.276635699529317,0,0,12,3.08574879227053,1988,135,135
"1988",-0.348513532503304,0,0,8,-0.914251207729469,1988,373,373
"1988",1.41460742927038,0,0,9,0.0857487922705307,1988,334,334
"1988",0.0193318480106299,2,1.48121645796064,11,2.08574879227053,1988,279,279
"1988",-0.944676735405197,3,2.22182468694097,7,-1.91425120772947,1988,265,265
"1988",0.818444226368487,2,1.48121645796064,11,2.08574879227053,1988,173,173
"1988",-1.34211887067313,1,0.740608228980322,6,-2.91425120772947,1988,178,178
"1988",-1.00809835273519,4,2.96243291592129,7,-1.91425120772947,1988,200,200
"1988",0.564757757048532,0,0,9,0.0857487922705307,1988,215,215
"1988",1.05099015657845,0,0,9,0.0857487922705307,1988,215,215
"1988",-0.767096206881229,0,0,7,-1.91425120772947,1988,181,181
"1988",-0.141336249225341,3,2.22182468694097,9,0.0857487922705307,1988,256,256
"1988",-0.306232454283312,3,2.22182468694097,9,0.0857487922705307,1988,256,256
"1988",-0.970045382337193,1,0.740608228980322,7,-1.91425120772947,1988,329,329
"1988",-0.771324314703229,1,0.740608228980322,7,-1.91425120772947,1988,329,329
"1988",-0.479584874985281,2,1.48121645796064,9,0.0857487922705307,1988,217,217
"1988",-0.720587020839238,2,1.48121645796064,9,0.0857487922705307,1988,217,217
"1988",-0.255495160419321,0,0,9,0.0857487922705307,1988,339,339
"1988",-0.682534050441244,0,0,9,0.0857487922705307,1988,339,339
"1988",0.653548021310516,0,0,12,3.08574879227053,1988,124,124
"1988",0.201140484356597,0,0,12,3.08574879227053,1988,124,124
"1988",-1.76492965287305,0,0,5,-3.91425120772947,1988,281,281
"1988",-1.74378911376305,0,0,5,-3.91425120772947,1988,206,206
"1988",-1.5027869679091,1,0.740608228980322,5,-3.91425120772947,1988,246,246
"1988",-2.07780963170099,0,0,6,-2.91425120772947,1988,230,230
"1988",-2.16237178814098,0,0,6,-2.91425120772947,1988,230,230
"1988",-0.0567740927853565,0,0,13,4.08574879227053,1988,253,253
"1988",-0.20475786655533,0,0,13,4.08574879227053,1988,253,253
"1989",-0.441531904587288,1,0.740608228980322,8,-0.914251207729469,1989,146,146
"1989",0.357580473770569,0,0,9,0.0857487922705307,1989,198,198
"1989",0.103894004450615,0,0,9,0.0857487922705307,1989,198,198
"1989",1.00448097053645,8,5.92486583184258,10,1.08574879227053,1989,239,239
"1989",0.930489083651467,8,5.92486583184258,10,1.08574879227053,1989,239,239
"1989",-0.0758005779843531,3,2.22182468694097,8,-0.914251207729469,1989,359,359
"1989",-1.84103559366904,0,0,5,-3.91425120772947,1989,358,358
"1989",-0.390794610723297,7,5.18425760286225,8,-0.914251207729469,1989,265,265
"1989",-0.488041090629279,7,5.18425760286225,8,-0.914251207729469,1989,265,265
"1989",1.67886416814533,2,1.48121645796064,10,1.08574879227053,1989,334,334
"1989",-2.027072337837,0,0,5,-3.91425120772947,1989,266,266
"1989",-2.060897200413,0,0,5,-3.91425120772947,1989,266,266
"1989",-1.58734912434908,0,0,5,-3.91425120772947,1989,310,310
"1989",-1.74378911376305,0,0,5,-3.91425120772947,1989,310,310
"1989",-1.38439994889312,0,0,8,-0.914251207729469,1989,212,212
"1989",0.125034543560611,2,1.48121645796064,10,1.08574879227053,1989,256,256
"1989",-0.944676735405197,2,1.48121645796064,7,-1.91425120772947,1989,190,190
"1989",-0.337943262948306,0,0,11,2.08574879227053,1989,145,145
"1989",0.391405336346563,1,0.740608228980322,8,-0.914251207729469,1989,309,309
"1989",0.505564247540543,1,0.740608228980322,8,-0.914251207729469,1989,309,309
"1989",-0.70790269737324,0,0,8,-0.914251207729469,1989,181,181
"1989",-1.68459560425506,0,0,7,-1.91425120772947,1989,230,230
"1989",-1.32520643938513,1,0.740608228980322,6,-2.91425120772947,1989,246,246
"1989",-1.62540209474708,1,0.740608228980322,6,-2.91425120772947,1989,374,374
"1989",-1.69305181989906,1,0.740608228980322,6,-2.91425120772947,1989,374,374
"1989",-1.31252211591913,0,0,6,-2.91425120772947,1989,206,206
"1989",-1.53238372266309,0,0,6,-2.91425120772947,1989,206,206
"1990",0.1884561608906,3,2.22182468694097,9,0.0857487922705307,1990,200,200
"1990",-0.31891677774931,3,2.22182468694097,9,0.0857487922705307,1990,146,146
"1990",-0.0905989553613504,3,2.22182468694097,9,0.0857487922705307,1990,146,146
"1990",-1.29560968463113,0,0,6,-2.91425120772947,1990,358,358
"1990",-1.4731902131551,0,0,6,-2.91425120772947,1990,358,358
"1990",0.285702640796582,3,2.22182468694097,9,0.0857487922705307,1990,265,265
"1990",0.568985864870531,3,2.22182468694097,9,0.0857487922705307,1990,265,265
"1990",-0.031405445853361,6,4.44364937388193,8,-0.914251207729469,1990,178,178
"1990",1.05099015657845,4,2.96243291592129,11,2.08574879227053,1990,239,239
"1990",0.0193318480106299,2,1.48121645796064,10,1.08574879227053,1990,198,198
"1990",0.0616129262306223,2,1.48121645796064,10,1.08574879227053,1990,198,198
"1990",-1.68459560425506,0,0,5,-3.91425120772947,1990,283,283
"1990",0.809988010724488,3,2.22182468694097,13,4.08574879227053,1990,238,238
"1990",0.750794501216499,3,2.22182468694097,13,4.08574879227053,1990,238,238
"1990",-0.132880033581343,8,5.92486583184258,7,-1.91425120772947,1990,325,325
"1990",-1.5112431835531,1,0.740608228980322,6,-2.91425120772947,1990,266,266
"1990",-1.66768317296707,1,0.740608228980322,6,-2.91425120772947,1990,266,266
"1990",-1.4816464287991,2,1.48121645796064,6,-2.91425120772947,1990,368,368
"1990",-1.4731902131551,2,1.48121645796064,6,-2.91425120772947,1990,368,368
"1990",-0.449988120231286,3,2.22182468694097,8,-0.914251207729469,1990,360,360
"1990",-0.335829209037307,1,0.740608228980322,9,0.0857487922705307,1990,181,181
"1990",-0.906623765007204,2,1.48121645796064,6,-2.91425120772947,1990,310,310
"1990",-0.120195710115345,0,0,14,5.08574879227053,1990,241,241
"1990",0.0447004949426253,0,0,14,5.08574879227053,1990,241,241
"1990",-0.20475786655533,3,2.22182468694097,8,-0.914251207729469,1990,190,190
"1990",-0.082142739717352,3,2.22182468694097,8,-0.914251207729469,1990,190,190
"1990",0.581670188336529,0,0,12,3.08574879227053,1990,84,84
"1990",-0.889711333719207,0,0,9,0.0857487922705307,1990,212,212
"1990",-0.082142739717352,3,2.22182468694097,12,3.08574879227053,1990,35,35
"1990",0.277246425152584,3,2.22182468694097,12,3.08574879227053,1990,35,35
"1990",0.192684268712599,2,1.48121645796064,11,2.08574879227053,1990,256,256
"1990",1.79936524107231,0,0,11,2.08574879227053,1990,334,334
"1990",2.03613927910427,0,0,11,2.08574879227053,1990,334,334
"1990",-0.382338395079298,1,0.740608228980322,7,-1.91425120772947,1990,246,246
"1990",-0.500725414095277,0,0,7,-1.91425120772947,1990,281,281
"1990",-0.411935149833293,0,0,7,-1.91425120772947,1990,281,281
"1990",-1.56620858523909,0,0,6,-2.91425120772947,1990,295,295
"1990",-0.441531904587288,0,0,7,-1.91425120772947,1990,206,206
"1990",-0.509181629739275,0,0,7,-1.91425120772947,1990,206,206
"1990",-1.03769510748918,0,0,7,-1.91425120772947,1990,374,374
"1991",0.454826953676552,2,1.48121645796064,10,1.08574879227053,1991,359,359
"1991",0.0531567105866238,2,1.48121645796064,10,1.08574879227053,1991,359,359
"1991",-0.242810836953323,7,5.18425760286225,7,-1.91425120772947,1991,282,282
"1991",-0.543006492315269,7,5.18425760286225,7,-1.91425120772947,1991,282,282
"1991",0.416773983278559,1,0.740608228980322,8,-0.914251207729469,1991,376,376
"1991",2.26022899367023,0,0,12,3.08574879227053,1991,239,239
"1991",1.52876634046436,0,0,12,3.08574879227053,1991,239,239
"1991",0.814216118546488,4,2.96243291592129,8,-0.914251207729469,1991,325,325
"1991",0.535161002294537,4,2.96243291592129,8,-0.914251207729469,1991,325,325
"1991",-0.712130805195239,0,0,6,-2.91425120772947,1991,244,244
"1991",-0.0398616614973595,0,0,13,4.08574879227053,1991,164,164
"1991",-0.809377285101222,0,0,7,-1.91425120772947,1991,319,319
"1991",-0.826289716389219,0,0,7,-1.91425120772947,1991,319,319
"1991",-0.251267052597322,2,1.48121645796064,7,-1.91425120772947,1991,310,310
"1991",-1.57043669306109,0,0,5,-3.91425120772947,1991,387,387
"1991",-1.55775236959509,0,0,5,-3.91425120772947,1991,387,387
"1991",-1.79875451544904,0,0,5,-3.91425120772947,1991,367,367
"1991",-1.29560968463113,0,0,6,-2.91425120772947,1991,283,283
"1991",-1.09266050917517,0,0,6,-2.91425120772947,1991,283,283
"1991",-0.568375139247265,0,0,7,-1.91425120772947,1991,295,295
"1991",-1.04192321531118,0,0,7,-1.91425120772947,1991,295,295
"1991",-1.38439994889312,1,0.740608228980322,5,-3.91425120772947,1991,207,207
"1991",1.17360528341642,0,0,11,2.08574879227053,1991,198,198
"1991",0.700057207352508,0,0,11,2.08574879227053,1991,198,198
"1991",-0.796692961635224,0,0,6,-2.91425120772947,1991,290,290
"1991",-0.530322168849272,0,0,6,-2.91425120772947,1991,290,290
"1991",0.771935040326495,7,5.18425760286225,10,1.08574879227053,1991,265,265
"1991",0.230737239110592,3,2.22182468694097,9,0.0857487922705307,1991,190,190
"1991",0.501336139718544,3,2.22182468694097,9,0.0857487922705307,1991,190,190
"1991",0.450598845854553,1,0.740608228980322,12,3.08574879227053,1991,256,256
"1991",-0.0144930145653641,0,0,12,3.08574879227053,1991,217,217
"1991",0.492879924074545,2,1.48121645796064,9,0.0857487922705307,1991,178,178
"1991",0.80153179508049,2,1.48121645796064,9,0.0857487922705307,1991,178,178
"1992",0.0193318480106299,1,0.740608228980322,8,-0.914251207729469,1992,310,310
"1992",-0.103283278827348,1,0.740608228980322,8,-0.914251207729469,1992,310,310
"1992",-0.263951376063319,0,0,7,-1.91425120772947,1992,244,244
"1992",-0.302004346461313,0,0,7,-1.91425120772947,1992,244,244
"1992",-1.5027869679091,0,0,5,-3.91425120772947,1992,291,291
"1992",0.315299395550577,0,0,9,0.0857487922705307,1992,206,206
"1992",0.492879924074545,0,0,9,0.0857487922705307,1992,206,206
"1992",0.285702640796582,0,0,11,2.08574879227053,1992,200,200
"1992",0.357580473770569,1,0.740608228980322,11,2.08574879227053,1992,146,146
"1992",0.137718867026609,1,0.740608228980322,11,2.08574879227053,1992,146,146
"1992",0.40831776763456,1,0.740608228980322,8,-0.914251207729469,1992,282,282
"1992",-0.225898405665326,0,0,7,-1.91425120772947,1992,290,290
"1992",0.0193318480106299,0,0,7,-1.91425120772947,1992,290,290
"1992",0.886093951520475,0,0,12,3.08574879227053,1992,198,198
"1992",0.640863697844519,0,0,12,3.08574879227053,1992,198,198
"1992",-0.238582729131324,0,0,9,0.0857487922705307,1992,246,246
"1992",-0.0525459849633573,0,0,7,-1.91425120772947,1992,380,380
"1992",0.163087513958604,0,0,7,-1.91425120772947,1992,380,380
"1992",-0.386566502901297,0,0,9,0.0857487922705307,1992,335,335
"1992",-0.268179483885319,0,0,9,0.0857487922705307,1992,335,335
"1992",1.3215890571864,0,0,9,0.0857487922705307,1992,325,325
"1992",0.716969638640505,2,1.48121645796064,10,1.08574879227053,1992,190,190
"1992",0.484423708430547,0,0,9,0.0857487922705307,1992,281,281
"1992",-0.302004346461313,0,0,8,-0.914251207729469,1992,295,295
"1992",-0.361197855969302,0,0,8,-0.914251207729469,1992,295,295
"1992",0.421002091100558,2,1.48121645796064,11,2.08574879227053,1992,265,265
"1992",0.924146921918468,2,1.48121645796064,11,2.08574879227053,1992,265,265
"1992",-0.297776238639313,1,0.740608228980322,8,-0.914251207729469,1992,361,361
"1992",-0.923536196295201,1,0.740608228980322,7,-1.91425120772947,1992,467,467
"1992",-0.822061608567219,1,0.740608228980322,7,-1.91425120772947,1992,467,467
"1993",-0.424619473299291,2,1.48121645796064,8,-0.914251207729469,1993,244,244
"1993",0.0108756323666314,0,0,9,0.0857487922705307,1993,295,295
"1993",-1.56620858523909,1,0.740608228980322,7,-1.91425120772947,1993,369,369
"1993",0.0531567105866238,3,2.22182468694097,9,0.0857487922705307,1993,310,310
"1993",-0.521865953205273,0,0,7,-1.91425120772947,1993,324,324
"1993",-1.17722266561516,0,0,6,-2.91425120772947,1993,291,291
"1993",-0.504953521917276,0,0,7,-1.91425120772947,1993,203,203
"1993",0.205368592178597,1,0.740608228980322,8,-0.914251207729469,1993,380,380
"1993",0.125034543560611,1,0.740608228980322,8,-0.914251207729469,1993,380,380
"1993",-0.441531904587288,0,0,8,-0.914251207729469,1993,467,467
"1993",-0.471128659341282,0,0,8,-0.914251207729469,1993,317,317
"1993",0.809988010724488,2,1.48121645796064,11,2.08574879227053,1993,190,190
"1993",0.831128549834484,2,1.48121645796064,11,2.08574879227053,1993,190,190
"1993",-0.602200001823259,2,1.48121645796064,8,-0.914251207729469,1993,366,366
"1994",0.662004236954515,6,4.44364937388193,10,1.08574879227053,1994,282,282
"1994",0.590126403980528,6,4.44364937388193,10,1.08574879227053,1994,282,282
"1994",0.852269088944481,3,2.22182468694097,9,0.0857487922705307,1994,244,244
"1994",0.0700691418746208,0,0,10,1.08574879227053,1994,295,295
"1994",-2.056669092591,1,0.740608228980322,5,-3.91425120772947,1994,363,363
"1994",1.68097822205633,6,4.44364937388193,9,0.0857487922705307,1994,380,380
"1994",1.22434257728041,1,0.740608228980322,11,2.08574879227053,1994,246,246
"1994",-1.58734912434908,0,0,5,-3.91425120772947,1994,344,344
"1994",-1.57466480088308,0,0,5,-3.91425120772947,1994,344,344
"1994",0.222281023466594,0,0,8,-0.914251207729469,1994,203,203
"1994",0.505564247540543,0,0,8,-0.914251207729469,1994,203,203
"1994",0.7465663933945,2,1.48121645796064,10,1.08574879227053,1994,310,310
"1994",-1.75224532940705,0,0,5,-3.91425120772947,1994,377,377
"1994",0.873409628054477,2,1.48121645796064,12,3.08574879227053,1994,190,190
"1994",0.767706932504496,2,1.48121645796064,12,3.08574879227053,1994,190,190
"1994",0.1884561608906,2,1.48121645796064,9,0.0857487922705307,1994,201,201
"1994",-0.0736865240733535,2,1.48121645796064,9,0.0857487922705307,1994,201,201
"1995",-0.805149177279223,1,0.740608228980322,10,1.08574879227053,1995,322,322
"1995",0.828591788307116,9,6.6654740608229,10,1.08574879227053,1995,317,317
"1995",1.20785285360879,9,6.6654740608229,10,1.08574879227053,1995,317,317
"1995",-0.9319924119392,3,2.22182468694097,6,-2.91425120772947,1995,377,377
"1995",1.11863988173043,4,2.96243291592129,11,2.08574879227053,1995,282,282
"1995",1.41460742927038,1,0.740608228980322,10,1.08574879227053,1995,380,380
"1995",1.66829389859033,1,0.740608228980322,10,1.08574879227053,1995,380,380
"1995",0.154208590698237,0,0,10,1.08574879227053,1995,467,467
"1995",-0.183617327445334,1,0.740608228980322,9,0.0857487922705307,1995,337,337
"1995",0.198180757298283,1,0.740608228980322,9,0.0857487922705307,1995,337,337
"1995",-0.36796272531867,0,0,10,1.08574879227053,1995,366,366
"1995",-1.51885372604978,0,0,5,-3.91425120772947,1995,388,388
"1995",-1.46853926875945,0,0,5,-3.91425120772947,1995,388,388
"1995",-0.256763541183005,0,0,9,0.0857487922705307,1995,369,369
"1995",-0.5446978386099,2,1.48121645796064,7,-1.91425120772947,1995,413,413
"1995",-0.407707042011294,0,0,10,1.08574879227053,1995,283,283
"1995",-1.4647339975111,0,0,5,-3.91425120772947,1995,469,469
"1995",-0.0440897693193588,5,3.70304114490161,9,0.0857487922705307,1995,367,367
"1995",-1.88077978140437,0,0,5,-3.91425120772947,1995,426,426
"1995",0.251877778220588,1,0.740608228980322,11,2.08574879227053,1995,368,368
"1996",0.835356657656484,5,3.70304114490161,11,2.08574879227053,1996,317,317
"1996",1.08904312697644,5,3.70304114490161,11,2.08574879227053,1996,317,317
"1996",2.17566683723024,3,2.22182468694097,10,1.08574879227053,1996,207,207
"1996",2.11647332772225,3,2.22182468694097,10,1.08574879227053,1996,207,207
"1996",-0.158248680513338,1,0.740608228980322,7,-1.91425120772947,1996,377,377
"1996",-0.623340540933255,1,0.740608228980322,7,-1.91425120772947,1996,377,377
"1996",0.289930748618581,0,0,10,1.08574879227053,1996,336,336
"1996",0.46328316932055,0,0,10,1.08574879227053,1996,336,336
"1996",0.573213972692531,1,0.740608228980322,10,1.08574879227053,1996,324,324
"1996",0.366036689414568,1,0.740608228980322,10,1.08574879227053,1996,324,324
"1996",0.953743676672463,3,2.22182468694097,11,2.08574879227053,1996,366,366
"1996",1.19051771470442,3,2.22182468694097,11,2.08574879227053,1996,366,366
"1996",1.02139340182445,0,0,10,1.08574879227053,1996,337,337
"1996",-1.40131238018112,0,0,6,-2.91425120772947,1996,428,428
"1996",-1.59157723217108,0,0,6,-2.91425120772947,1996,428,428
"1996",-0.31891677774931,0,0,8,-0.914251207729469,1996,413,413
"1996",0.704285315174507,0,0,11,2.08574879227053,1996,467,467
"1996",1.95580523048628,0,0,11,2.08574879227053,1996,380,380
"1996",1.93466469137629,0,0,11,2.08574879227053,1996,380,380
"1996",1.3215890571864,0,0,11,2.08574879227053,1996,244,244
"1996",-1.19836320472515,2,1.48121645796064,6,-2.91425120772947,1996,469,469
"1996",-1.17722266561516,2,1.48121645796064,6,-2.91425120772947,1996,469,469
"1996",0.797303687258491,0,0,14,5.08574879227053,1996,190,190
"1996",0.552073433582534,0,0,14,5.08574879227053,1996,190,190
"1996",1.2877641946104,0,0,13,4.08574879227053,1996,246,246
"1996",1.02562150964645,0,0,13,4.08574879227053,1996,246,246
"1996",-0.048317877141358,1,0.740608228980322,7,-1.91425120772947,1996,344,344
"1996",-0.424619473299291,1,0.740608228980322,7,-1.91425120772947,1996,344,344
"1996",-0.893939441541207,2,1.48121645796064,7,-1.91425120772947,1996,463,463
"1996",-0.936220519761199,2,1.48121645796064,7,-1.91425120772947,1996,463,463
"1996",-1.43936535057911,2,1.48121645796064,5,-3.91425120772947,1996,384,384
"1996",-0.251267052597322,0,0,10,1.08574879227053,1996,369,369
"1996",-0.242810836953323,0,0,10,1.08574879227053,1996,369,369
"1997",1.16092095995043,3,2.22182468694097,12,3.08574879227053,1997,317,317
"1997",-0.297776238639313,4,2.96243291592129,8,-0.914251207729469,1997,377,377
"1997",-0.910851872829204,2,1.48121645796064,7,-1.91425120772947,1997,428,428
"1997",2.04882360257027,0,0,12,3.08574879227053,1997,380,380
"1997",1.79513713325031,0,0,12,3.08574879227053,1997,380,380
"1997",-0.382338395079298,0,0,6,-2.91425120772947,1997,280,280
"1997",1.96426144613028,0,0,12,3.08574879227053,1997,244,244
"1997",1.64715335948034,0,0,12,3.08574879227053,1997,244,244
"1997",-0.065230308429355,1,0.740608228980322,9,0.0857487922705307,1997,147,147
"1997",1.13978042084043,0,0,14,5.08574879227053,1997,246,246
"1997",0.505564247540543,0,0,14,5.08574879227053,1997,246,246
"1997",1.92198036791029,0,0,14,5.08574879227053,1997,376,376
"1997",-0.382338395079298,1,0.740608228980322,8,-0.914251207729469,1997,463,463
"1997",-0.276635699529317,1,0.740608228980322,8,-0.914251207729469,1997,463,463
"1997",-0.572603247069264,0,0,8,-0.914251207729469,1997,438,438
"1997",-0.192073543089332,0,0,8,-0.914251207729469,1997,438,438
"1997",-0.170933003979336,1,0.740608228980322,7,-1.91425120772947,1997,469,469
"1997",1.75285605503032,0,0,11,2.08574879227053,1997,207,207
"1997",0.125034543560611,1,0.740608228980322,8,-0.914251207729469,1997,344,344
"1997",0.103894004450615,1,0.740608228980322,8,-0.914251207729469,1997,344,344
"1997",-0.14979246486934,2,1.48121645796064,7,-1.91425120772947,1997,388,388
"1997",-0.0229492302093626,2,1.48121645796064,7,-1.91425120772947,1997,388,388
"1997",0.590126403980528,1,0.740608228980322,11,2.08574879227053,1997,369,369
"1997",0.103894004450615,1,0.740608228980322,11,2.08574879227053,1997,369,369
"1997",-0.424619473299291,3,2.22182468694097,7,-1.91425120772947,1997,426,426
"1998",-0.720587020839238,0,0,8,-0.914251207729469,1998,469,469
"1998",-0.614884325289257,0,0,8,-0.914251207729469,1998,469,469
"1998",0.0193318480106299,3,2.22182468694097,9,0.0857487922705307,1998,377,377
"1998",0.230737239110592,3,2.22182468694097,9,0.0857487922705307,1998,377,377
"1998",-1.03769510748918,4,2.96243291592129,8,-0.914251207729469,1998,428,428
"1998",-0.31891677774931,0,0,9,0.0857487922705307,1998,445,445
"1998",0.230737239110592,0,0,12,3.08574879227053,1998,337,337
"1998",0.442142630210554,0,0,12,3.08574879227053,1998,337,337
"1998",0.0193318480106299,6,4.44364937388193,10,1.08574879227053,1998,362,362
"1998",-0.192073543089332,6,4.44364937388193,10,1.08574879227053,1998,362,362
"1998",-0.192073543089332,0,0,13,4.08574879227053,1998,366,366
"1998",1.81627767236031,0,0,13,4.08574879227053,1998,380,380
"1998",0.442142630210554,0,0,13,4.08574879227053,1998,317,317
"1998",0.0193318480106299,0,0,13,4.08574879227053,1998,317,317
"1998",0.864953412410478,0,0,13,4.08574879227053,1998,244,244
"1998",0.442142630210554,0,0,9,0.0857487922705307,1998,344,344
"1998",-1.67191128078907,1,0.740608228980322,5,-3.91425120772947,1998,542,542
"1998",-0.403478934189294,1,0.740608228980322,7,-1.91425120772947,1998,384,384
"1998",0.0193318480106299,1,0.740608228980322,9,0.0857487922705307,1998,328,328
"1998",0.442142630210554,1,0.740608228980322,9,0.0857487922705307,1998,328,328
"1999",1.03407772529045,2,1.48121645796064,10,1.08574879227053,1999,377,377
"1999",0.949515568850463,3,2.22182468694097,13,4.08574879227053,1999,367,367
"1999",-1.46050588968911,0,0,6,-2.91425120772947,1999,400,400
"1999",-1.5027869679091,0,0,6,-2.91425120772947,1999,400,400
"1999",-1.41822481146911,0,0,6,-2.91425120772947,1999,400,400
"1999",1.03407772529045,0,0,14,5.08574879227053,1999,467,467
"1999",0.0193318480106299,1,0.740608228980322,11,2.08574879227053,1999,147,147
"1999",0.230737239110592,0,0,9,0.0857487922705307,1999,428,428
"1999",-0.107511386649347,0,0,9,0.0857487922705307,1999,428,428
"1999",0.273018317330584,0,0,9,0.0857487922705307,1999,428,428
"1999",-0.14979246486934,0,0,9,0.0857487922705307,1999,428,428
"1999",1.41460742927038,5,3.70304114490161,10,1.08574879227053,1999,344,344
"1999",0.991796647070456,5,3.70304114490161,10,1.08574879227053,1999,344,344
"1999",1.45688850749037,5,3.70304114490161,10,1.08574879227053,1999,344,344
"1999",1.03407772529045,5,3.70304114490161,10,1.08574879227053,1999,344,344
"1999",0.695829099530509,6,4.44364937388193,9,0.0857487922705307,1999,353,353
"1999",0.653548021310516,6,4.44364937388193,9,0.0857487922705307,1999,353,353
"1999",1.37232635105039,0,0,16,7.08574879227053,1999,246,246
"1999",0.695829099530509,2,1.48121645796064,9,0.0857487922705307,1999,388,388
"1999",1.07635880351044,3,2.22182468694097,11,2.08574879227053,1999,294,294
"1999",1.11863988173043,3,2.22182468694097,11,2.08574879227053,1999,294,294
"1999",-0.107511386649347,1,0.740608228980322,6,-2.91425120772947,1999,542,542
"1999",1.39346689016038,3,2.22182468694097,8,-0.914251207729469,1999,384,384
"1999",0.230737239110592,0,0,9,0.0857487922705307,1999,151,151
"1999",0.653548021310516,0,0,13,4.08574879227053,1999,369,369
"1999",0.695829099530509,0,0,13,4.08574879227053,1999,369,369
"1999",0.822672334190486,0,0,10,1.08574879227053,1999,320,320
"2000",0.125034543560611,3,2.22182468694097,8,-0.914251207729469,2000,392,392
"2000",0.442142630210554,0,0,11,2.08574879227053,2000,343,343
"2000",-2.09472206298899,0,0,5,-3.91425120772947,2000,471,471
"2000",0.230737239110592,0,0,7,-1.91425120772947,2000,542,542
"2000",0.653548021310516,0,0,7,-1.91425120772947,2000,542,542
"2000",-0.192073543089332,3,2.22182468694097,10,1.08574879227053,2000,428,428
"2000",0.125034543560611,4,2.96243291592129,9,0.0857487922705307,2000,280,280
"2000",1.07635880351044,1,0.740608228980322,10,1.08574879227053,2000,469,469
"2000",0.547845325760535,4,2.96243291592129,13,4.08574879227053,2000,364,364
"2000",0.442142630210554,4,2.96243291592129,13,4.08574879227053,2000,364,364
"2000",0.759250716860497,2,1.48121645796064,12,3.08574879227053,2000,413,413
"2000",0.336439934660573,1,0.740608228980322,10,1.08574879227053,2000,151,151
"2000",-1.03769510748918,1,0.740608228980322,7,-1.91425120772947,2000,400,400
"2000",-0.297776238639313,0,0,12,3.08574879227053,2000,147,147
"2000",-0.0863708475393512,2,1.48121645796064,10,1.08574879227053,2000,231,231
"2000",1.2877641946104,4,2.96243291592129,9,0.0857487922705307,2000,384,384
"2000",1.49916958571036,4,2.96243291592129,9,0.0857487922705307,2000,384,384
"2000",0.0193318480106299,0,0,12,3.08574879227053,2000,46,46
"2000",-0.9319924119392,0,0,6,-2.91425120772947,2000,459,459
"2000",-1.77761397633905,0,0,5,-3.91425120772947,2000,414,414
"2000",-1.67191128078907,0,0,5,-3.91425120772947,2000,414,414
"2000",-1.88331667188903,0,0,5,-3.91425120772947,2000,385,385
"2001",0.547845325760535,0,0,10,1.08574879227053,2001,280,280
"2001",0.230737239110592,2,1.48121645796064,10,1.08574879227053,2001,427,427
"2001",1.49916958571036,4,2.96243291592129,11,2.08574879227053,2001,292,292
"2001",-0.403478934189294,2,1.48121645796064,7,-1.91425120772947,2001,462,462
"2001",1.49916958571036,0,0,10,1.08574879227053,2001,384,384
"2001",1.39346689016038,0,0,10,1.08574879227053,2001,384,384
"2001",-0.192073543089332,0,0,11,2.08574879227053,2001,428,428
"2001",0.547845325760535,0,0,11,2.08574879227053,2001,151,151
"2001",0.230737239110592,0,0,11,2.08574879227053,2001,151,151
"2001",-1.67191128078907,0,0,7,-1.91425120772947,2001,456,456
"2001",-1.24910049858914,0,0,6,-2.91425120772947,2001,418,418
"2001",-0.614884325289257,4,2.96243291592129,8,-0.914251207729469,2001,400,400
"2001",-0.509181629739275,4,2.96243291592129,8,-0.914251207729469,2001,400,400
"2001",-0.614884325289257,0,0,6,-2.91425120772947,2001,401,401
"2001",1.2877641946104,0,0,8,-0.914251207729469,2001,542,542
"2001",1.92198036791029,0,0,8,-0.914251207729469,2001,542,542
"2001",-1.56620858523909,0,0,5,-3.91425120772947,2001,402,402
"2001",-1.77761397633905,0,0,5,-3.91425120772947,2001,402,402
"2001",-1.46050588968911,1,0.740608228980322,6,-2.91425120772947,2001,490,490
"2001",-1.24910049858914,1,0.740608228980322,6,-2.91425120772947,2001,490,490
"2001",-1.03769510748918,1,0.740608228980322,6,-2.91425120772947,2001,385,385
"2001",-1.46050588968911,0,0,6,-2.91425120772947,2001,471,471
"2001",-1.24910049858914,2,1.48121645796064,6,-2.91425120772947,2001,421,421
"2001",-1.77761397633905,0,0,5,-3.91425120772947,2001,443,443
"2002",0.442142630210554,6,4.44364937388193,10,1.08574879227053,2002,392,392
"2002",0.653548021310516,6,4.44364937388193,10,1.08574879227053,2002,392,392
"2002",-0.614884325289257,3,2.22182468694097,8,-0.914251207729469,2002,462,462
"2002",-0.403478934189294,2,1.48121645796064,9,0.0857487922705307,2002,400,400
"2002",-0.403478934189294,3,2.22182468694097,7,-1.91425120772947,2002,401,401
"2002",0.442142630210554,2,1.48121645796064,13,4.08574879227053,2002,377,377
"2002",0.653548021310516,2,1.48121645796064,13,4.08574879227053,2002,377,377
"2002",0.442142630210554,0,0,14,5.08574879227053,2002,413,413
"2002",-0.826289716389219,0,0,7,-1.91425120772947,2002,385,385
"2003",-1.88331667188903,0,0,5,-3.91425120772947,2003,420,420
"2003",-1.03769510748918,0,0,8,-0.914251207729469,2003,398,398
"2003",-1.14339780303916,0,0,8,-0.914251207729469,2003,398,398
"2003",0.759250716860497,0,0,14,5.08574879227053,2003,377,377
"2003",1.07635880351044,0,0,14,5.08574879227053,2003,377,377
"2003",0.125034543560611,2,1.48121645796064,7,-1.91425120772947,2003,470,470
"2003",0.125034543560611,5,3.70304114490161,10,1.08574879227053,2003,400,400
"2003",0.230737239110592,5,3.70304114490161,10,1.08574879227053,2003,400,400
"2003",-0.297776238639313,1,0.740608228980322,7,-1.91425120772947,2003,429,429
"2003",-0.403478934189294,1,0.740608228980322,9,0.0857487922705307,2003,78,78
"2004",-0.0863708475393512,0,0,8,-0.914251207729469,2004,494,494
"2004",-0.192073543089332,0,0,8,-0.914251207729469,2004,494,494
"2004",0.653548021310516,0,0,13,4.08574879227053,2004,280,280
"2004",1.92198036791029,5,3.70304114490161,10,1.08574879227053,2004,459,459
"2004",2.13338575901025,5,3.70304114490161,10,1.08574879227053,2004,459,459
"2004",0.230737239110592,0,0,8,-0.914251207729469,2004,493,493
"2004",1.07635880351044,3,2.22182468694097,9,0.0857487922705307,2004,421,421
"2004",1.18206149906042,3,2.22182468694097,9,0.0857487922705307,2004,421,421
"2005",0.759250716860497,9,6.6654740608229,11,2.08574879227053,2005,462,462
"2005",1.60487228126035,0,0,9,0.0857487922705307,2005,470,470
"2005",1.39346689016038,3,2.22182468694097,11,2.08574879227053,2005,411,411
"2005",0.864953412410478,3,2.22182468694097,11,2.08574879227053,2005,411,411
"2005",0.230737239110592,1,0.740608228980322,9,0.0857487922705307,2005,419,419
"2005",1.39346689016038,1,0.740608228980322,10,1.08574879227053,2005,414,414
"2005",1.60487228126035,1,0.740608228980322,10,1.08574879227053,2005,414,414
"2005",1.39346689016038,2,1.48121645796064,9,0.0857487922705307,2005,429,429
"2005",1.2877641946104,2,1.48121645796064,9,0.0857487922705307,2005,429,429
"2005",1.2877641946104,4,2.96243291592129,10,1.08574879227053,2005,421,421
"2005",0.97065610796046,7,5.18425760286225,12,3.08574879227053,2005,400,400
"2005",1.07635880351044,2,1.48121645796064,10,1.08574879227053,2005,401,401
"2005",-0.826289716389219,2,1.48121645796064,10,1.08574879227053,2005,460,460
"2005",0.230737239110592,1,0.740608228980322,11,2.08574879227053,2005,506,506
"2005",-0.297776238639313,1,0.740608228980322,10,1.08574879227053,2005,398,398
"2005",-0.403478934189294,0,0,7,-1.91425120772947,2005,521,521
"2006",0.230737239110592,1,0.740608228980322,10,1.08574879227053,2006,494,494
"2006",0.0193318480106299,1,0.740608228980322,10,1.08574879227053,2006,494,494
"2006",0.230737239110592,3,2.22182468694097,10,1.08574879227053,2006,419,419
"2006",-0.403478934189294,0,0,8,-0.914251207729469,2006,420,420
"2006",0.125034543560611,0,0,9,0.0857487922705307,2006,507,507
"2006",-0.720587020839238,0,0,6,-2.91425120772947,2006,487,487
"2006",-1.03769510748918,3,2.22182468694097,9,0.0857487922705307,2006,461,461
"2006",0.547845325760535,1,0.740608228980322,11,2.08574879227053,2006,414,414
"2006",0.653548021310516,0,0,10,1.08574879227053,2006,475,475
"2006",0.0193318480106299,0,0,9,0.0857487922705307,2006,513,513
"2006",0.442142630210554,0,0,8,-0.914251207729469,2006,521,521
"2006",-0.192073543089332,0,0,8,-0.914251207729469,2006,521,521
"2007",1.49916958571036,7,5.18425760286225,12,3.08574879227053,2007,440,440
"2007",1.71057497681033,7,5.18425760286225,12,3.08574879227053,2007,440,440
"2007",0.864953412410478,0,0,13,4.08574879227053,2007,462,462
"2007",0.336439934660573,0,0,13,4.08574879227053,2007,462,462
"2007",1.07635880351044,6,4.44364937388193,10,1.08574879227053,2007,174,174
"2007",1.2877641946104,6,4.44364937388193,10,1.08574879227053,2007,174,174
"2007",2.66189923676016,0,0,12,3.08574879227053,2007,480,480
"2007",-1.88331667188903,0,0,5,-3.91425120772947,2007,519,519
"2007",-0.0863708475393512,4,2.96243291592129,9,0.0857487922705307,2007,553,553
"2007",0.230737239110592,0,0,10,1.08574879227053,2007,507,507
"2007",0.336439934660573,0,0,10,1.08574879227053,2007,507,507
"2007",1.07635880351044,4,2.96243291592129,9,0.0857487922705307,2007,453,453
"2007",1.49916958571036,0,0,12,3.08574879227053,2007,414,414
"2007",1.39346689016038,0,0,12,3.08574879227053,2007,414,414
"2007",1.49916958571036,4,2.96243291592129,11,2.08574879227053,2007,429,429
"2007",0.653548021310516,1,0.740608228980322,10,1.08574879227053,2007,488,488
"2007",0.0193318480106299,0,0,7,-1.91425120772947,2007,487,487
"2007",0.125034543560611,0,0,7,-1.91425120772947,2007,487,487
"2007",0.759250716860497,3,2.22182468694097,12,3.08574879227053,2007,396,396
"2007",0.864953412410478,3,2.22182468694097,12,3.08574879227053,2007,396,396
"2007",0.864953412410478,3,2.22182468694097,10,1.08574879227053,2007,457,457
"2007",-0.297776238639313,0,0,8,-0.914251207729469,2007,403,403
"2007",-0.614884325289257,2,1.48121645796064,7,-1.91425120772947,2007,454,454
"2007",-0.403478934189294,2,1.48121645796064,8,-0.914251207729469,2007,499,499
"2007",0.0193318480106299,0,0,9,0.0857487922705307,2007,420,420
"1977",0.167315621780603,0,0,10,1.08574879227053,1977,94,94
"1977",0.146175082670607,0,0,10,1.08574879227053,1977,94,94
"1991",0.256105886042587,0,0,8,-0.914251207729469,1991,206,206
"1993",-0.280863807351316,0,0,10,1.08574879227053,1993,206,206
"2008",1.20320203817042,5,3.70304114490161,11,2.08574879227053,2008,174,174
"2008",1.37232635105039,5,3.70304114490161,11,2.08574879227053,2008,174,174
"2008",0.738110177750501,5,3.70304114490161,8,-0.914251207729469,2008,487,487
"2010",1.24548311639041,0,0,13,4.08574879227053,2010,174,174
"2010",0.0193318480106299,1,0.740608228980322,8,-0.914251207729469,2010,537,537
"2010",1.2877641946104,2,1.48121645796064,15,6.08574879227053,2010,440,440
"2010",0.0193318480106299,0,0,9,0.0857487922705307,2010,486,486
"2008",0.103894004450615,0,0,11,2.08574879227053,2008,513,513
"2008",0.653548021310516,0,0,11,2.08574879227053,2008,513,513
"2008",2.93672624519011,0,0,13,4.08574879227053,2008,480,480
"2008",2.89444516697012,0,0,13,4.08574879227053,2008,480,480
"2008",1.8796992896903,3,2.22182468694097,12,3.08574879227053,2008,429,429
"2008",1.24548311639041,1,0.740608228980322,10,1.08574879227053,2008,521,521
"2008",0.103894004450615,0,0,8,-0.914251207729469,2008,482,482
"2008",0.273018317330584,0,0,13,4.08574879227053,2008,396,396
"2011",1.24548311639041,1,0.740608228980322,14,5.08574879227053,2011,174,174
"2011",1.37232635105039,1,0.740608228980322,14,5.08574879227053,2011,174,174
"2011",1.62601282037034,5,3.70304114490161,11,2.08574879227053,2011,487,487
"2011",0.991796647070456,5,3.70304114490161,11,2.08574879227053,2011,487,487
"2011",-0.276635699529317,3,2.22182468694097,9,0.0857487922705307,2011,79,79
"2011",0.822672334190486,2,1.48121645796064,9,0.0857487922705307,2011,516,516
"2011",0.653548021310516,4,2.96243291592129,11,2.08574879227053,2011,482,482
"2011",0.484423708430547,4,2.96243291592129,11,2.08574879227053,2011,482,482
"2011",-0.826289716389219,2,1.48121645796064,6,-2.91425120772947,2011,536,536
"2011",0.568985864870531,1,0.740608228980322,12,3.08574879227053,2011,382,382
"2011",0.1884561608906,1,0.740608228980322,12,3.08574879227053,2011,499,499
"2011",0.103894004450615,1,0.740608228980322,12,3.08574879227053,2011,499,499
"2011",-0.445760012409287,1,0.740608228980322,8,-0.914251207729469,2011,80,80
"2011",-0.572603247069264,0,0,9,0.0857487922705307,2011,503,503
"2011",-0.107511386649347,0,0,9,0.0857487922705307,2011,503,503
"2012",-0.910851872829204,0,0,7,-1.91425120772947,2012,531,531
"2012",-0.953132951049196,0,0,7,-1.91425120772947,2012,531,531
"2012",1.16092095995043,2,1.48121645796064,15,6.08574879227053,2012,174,174
"2012",0.442142630210554,0,0,9,0.0857487922705307,2012,538,538
"2012",1.2877641946104,3,2.22182468694097,12,3.08574879227053,2012,487,487
"2012",0.738110177750501,2,1.48121645796064,10,1.08574879227053,2012,516,516
"2012",0.442142630210554,2,1.48121645796064,10,1.08574879227053,2012,516,516
"2012",1.03407772529045,4,2.96243291592129,12,3.08574879227053,2012,482,482
"2012",0.780391255970494,4,2.96243291592129,12,3.08574879227053,2012,482,482
"2012",-0.065230308429355,3,2.22182468694097,9,0.0857487922705307,2012,80,80
"2012",-0.403478934189294,0,0,8,-0.914251207729469,2012,523,523
"2012",-0.572603247069264,1,0.740608228980322,9,0.0857487922705307,2012,544,544
"2012",-0.445760012409287,3,2.22182468694097,7,-1.91425120772947,2012,533,533
"2012",0.1884561608906,1,0.740608228980322,12,3.08574879227053,2012,454,454
"2012",-0.065230308429355,1,0.740608228980322,12,3.08574879227053,2012,454,454
"2012",0.103894004450615,0,0,10,1.08574879227053,2012,503,503
"2013",-0.065230308429355,3,2.22182468694097,9,0.0857487922705307,2013,545,545
"2013",-0.14979246486934,3,2.22182468694097,9,0.0857487922705307,2013,545,545
"2013",0.949515568850463,4,2.96243291592129,11,2.08574879227053,2013,516,516
"2013",0.695829099530509,4,2.96243291592129,11,2.08574879227053,2013,516,516
"2013",1.62601282037034,1,0.740608228980322,13,4.08574879227053,2013,487,487
"2013",1.8796992896903,1,0.740608228980322,13,4.08574879227053,2013,487,487
"2013",0.949515568850463,6,4.44364937388193,9,0.0857487922705307,2013,153,153
"2013",0.864953412410478,6,4.44364937388193,9,0.0857487922705307,2013,153,153
"2013",0.315299395550577,6,4.44364937388193,8,-0.914251207729469,2013,81,81
"2013",0.611266943090524,0,0,10,1.08574879227053,2013,538,538
"2013",-0.14979246486934,0,0,14,5.08574879227053,2013,499,499
"2013",0.949515568850463,7,5.18425760286225,12,3.08574879227053,2013,514,514
"2013",1.11863988173043,7,5.18425760286225,12,3.08574879227053,2013,514,514
"2013",0.568985864870531,3,2.22182468694097,8,-0.914251207729469,2013,495,495
"2013",0.399861551990562,0,0,8,-0.914251207729469,2013,529,529
"2013",0.0193318480106299,0,0,9,0.0857487922705307,2013,523,523
"2013",1.03407772529045,3,2.22182468694097,10,1.08574879227053,2013,528,528
"2013",0.695829099530509,3,2.22182468694097,11,2.08574879227053,2013,79,79
"2013",0.0193318480106299,3,2.22182468694097,11,2.08574879227053,2013,79,79
"2013",-1.24910049858914,3,2.22182468694097,7,-1.91425120772947,2013,559,559
"2013",-1.16453834214916,0,0,7,-1.91425120772947,2013,508,508
"2013",-1.07997618570917,0,0,7,-1.91425120772947,2013,508,508
"2014",0.1884561608906,2,1.48121645796064,9,0.0857487922705307,2014,531,531
"2014",0.273018317330584,2,1.48121645796064,9,0.0857487922705307,2014,531,531
"2014",0.357580473770569,2,1.48121645796064,10,1.08574879227053,2014,545,545
"2014",1.58373174215035,5,3.70304114490161,10,1.08574879227053,2014,153,153
"2014",1.3300452728304,0,0,11,2.08574879227053,2014,538,538
"2014",1.2877641946104,0,0,11,2.08574879227053,2014,538,538
"2014",0.695829099530509,1,0.740608228980322,10,1.08574879227053,2014,550,550
"2014",0.991796647070456,0,0,14,5.08574879227053,2014,482,482
"2014",0.780391255970494,0,0,14,5.08574879227053,2014,482,482
"2014",-0.699446481729241,0,0,8,-0.914251207729469,2014,559,559
"2014",0.315299395550577,1,0.740608228980322,11,2.08574879227053,2014,544,544
"2014",0.273018317330584,1,0.740608228980322,11,2.08574879227053,2014,544,544
"2014",1.79513713325031,0,0,13,4.08574879227053,2014,514,514
"2014",1.71057497681033,0,0,13,4.08574879227053,2014,514,514
"2014",0.0193318480106299,0,0,10,1.08574879227053,2014,523,523
"2014",2.00654252435027,0,0,14,5.08574879227053,2014,487,487
"2014",2.04882360257027,0,0,14,5.08574879227053,2014,487,487
"2014",0.442142630210554,4,2.96243291592129,12,3.08574879227053,2014,79,79
"2014",0.0616129262306223,4,2.96243291592129,12,3.08574879227053,2014,79,79
"2014",1.45688850749037,0,0,8,-0.914251207729469,2014,549,549
"2015",1.8796992896903,9,6.6654740608229,10,1.08574879227053,2015,81,81
"2015",-0.910851872829204,1,0.740608228980322,6,-2.91425120772947,2015,558,558
"2015",-0.953132951049196,0,0,9,0.0857487922705307,2015,540,540
"2015",-2.052440984769,0,0,6,-2.91425120772947,2015,539,539
"2015",0.864953412410478,0,0,10,1.08574879227053,2015,531,531
"2015",-1.24910049858914,0,0,7,-1.91425120772947,2015,525,525
"2015",0.0193318480106299,3,2.22182468694097,11,2.08574879227053,2015,545,545
"2015",1.41460742927038,9,6.6654740608229,11,2.08574879227053,2015,153,153
"2015",1.3300452728304,9,6.6654740608229,11,2.08574879227053,2015,153,153
"2015",0.864953412410478,1,0.740608228980322,10,1.08574879227053,2015,533,533
"2015",0.611266943090524,1,0.740608228980322,10,1.08574879227053,2015,533,533
"2015",1.2877641946104,0,0,12,3.08574879227053,2015,538,538
"2015",1.24548311639041,0,0,12,3.08574879227053,2015,538,538
"2015",0.991796647070456,4,2.96243291592129,9,0.0857487922705307,2015,562,562
"2015",0.738110177750501,4,2.96243291592129,9,0.0857487922705307,2015,562,562
"2015",0.949515568850463,0,0,8,-0.914251207729469,2015,556,556
"2015",0.991796647070456,0,0,8,-0.914251207729469,2015,556,556
"2015",0.907234490630471,1,0.740608228980322,14,5.08574879227053,2015,514,514
"2015",0.484423708430547,0,0,11,2.08574879227053,2015,523,523
"2015",0.611266943090524,0,0,11,2.08574879227053,2015,523,523
"2015",1.24548311639041,3,2.22182468694097,15,6.08574879227053,2015,482,482
"2015",0.484423708430547,0,0,8,-0.914251207729469,2015,512,512
"2015",1.16092095995043,2,1.48121645796064,13,4.08574879227053,2015,516,516
"2015",1.11863988173043,2,1.48121645796064,13,4.08574879227053,2015,516,516
"2015",0.442142630210554,0,0,8,-0.914251207729469,2015,82,82
"2015",0.568985864870531,2,1.48121645796064,13,4.08574879227053,2015,537,537
"2016",-1.88331667188903,0,0,6,-2.91425120772947,2016,555,555
"2016",1.54145066393036,7,5.18425760286225,12,3.08574879227053,2016,153,153
"2016",0.526704786650539,0,0,12,3.08574879227053,2016,545,545
"2016",0.653548021310516,0,0,9,0.0857487922705307,2016,512,512
"2016",0.695829099530509,0,0,16,7.08574879227053,2016,482,482
"2016",1.37232635105039,0,0,13,4.08574879227053,2016,528,528
"2016",1.58373174215035,0,0,13,4.08574879227053,2016,538,538
"2016",-0.784008638169226,0,0,9,0.0857487922705307,2016,509,509
"2016",0.273018317330584,2,1.48121645796064,8,-0.914251207729469,2016,518,518
"2016",-0.657165403509249,0,0,7,-1.91425120772947,2016,561,561
"2016",-0.14979246486934,3,2.22182468694097,7,-1.91425120772947,2016,526,526
"2016",0.695829099530509,0,0,12,3.08574879227053,2016,523,523
"2017",0.907234490630471,0,0,12,3.08574879227053,2017,531,531
"2017",2.00654252435027,0,0,14,5.08574879227053,2017,528,528
"2017",-0.741727559949234,0,0,7,-1.91425120772947,2017,547,547
"2017",0.991796647070456,1,0.740608228980322,10,1.08574879227053,2017,82,82
"2017",0.822672334190486,1,0.740608228980322,10,1.08574879227053,2017,82,82
"2017",0.780391255970494,3,2.22182468694097,9,0.0857487922705307,2017,518,518
"2017",0.991796647070456,1,0.740608228980322,8,-0.914251207729469,2017,526,526
"2017",0.864953412410478,1,0.740608228980322,8,-0.914251207729469,2017,526,526
"2017",0.484423708430547,0,0,8,-0.914251207729469,2017,554,554
"2017",1.49916958571036,0,0,14,5.08574879227053,2017,538,538
"2017",1.2877641946104,0,0,14,5.08574879227053,2017,538,538
"2018",0.653548021310516,0,0,13,4.08574879227053,2018,531,531
"2018",1.2877641946104,2,1.48121645796064,9,0.0857487922705307,2018,526,526
"2018",1.03407772529045,2,1.48121645796064,9,0.0857487922705307,2018,526,526
"2018",0.146175082670607,6,4.44364937388193,8,-0.914251207729469,2018,534,534
"2018",-0.403478934189294,3,2.22182468694097,9,0.0857487922705307,2018,539,539
"2018",-0.445760012409287,3,2.22182468694097,9,0.0857487922705307,2018,539,539
"2019",0.399861551990562,0,0,14,5.08574879227053,2019,531,531
"2019",-0.14979246486934,0,0,10,1.08574879227053,2019,539,539
"2019",-0.445760012409287,0,0,10,1.08574879227053,2019,539,539
"2019",0.822672334190486,0,0,12,3.08574879227053,2019,82,82
"2019",1.75285605503032,7,5.18425760286225,10,1.08574879227053,2019,526,526
"2019",1.24548311639041,0,0,11,2.08574879227053,2019,518,518
"2020",0.1884561608906,0,0,11,2.08574879227053,2020,539,539
"2020",-0.065230308429355,0,0,11,2.08574879227053,2020,539,539
"2020",1.37232635105039,9,6.6654740608229,6,-2.91425120772947,2020,564,564
"2020",0.0616129262306223,0,0,9,0.0857487922705307,2020,557,557
"2020",1.11863988173043,1,0.740608228980322,12,3.08574879227053,2020,518,518
"2020",2.34479115011021,0,0,11,2.08574879227053,2020,526,526
"2020",-0.445760012409287,1,0.740608228980322,7,-1.91425120772947,2020,563,563
"2020",0.484423708430547,3,2.22182468694097,9,0.0857487922705307,2020,546,546
